"","date","industry","number_of_businesses","number_of_active_cases_associated_with_identified_businesses"
"1:1","2020-09-17","Agriculture, Forestry, Fishing and Hunting",0,0
"1:2","2020-09-17","Mining",0,0
"1:3","2020-09-17","Utilities",0,0
"1:4","2020-09-17","Construction",0,0
"1:5","2020-09-17","Manufacturing",5,35
"1:6","2020-09-17","Wholesale Trade",0,0
"1:7","2020-09-17","Retail Trade",0,0
"1:8","2020-09-17","Transportation and Warehousing",0,0
"1:9","2020-09-17","Information",0,0
"1:10","2020-09-17","Finance and Insurance",0,0
"1:11","2020-09-17","Real Estate Rental and Leasing",0,0
"1:12","2020-09-17","Professional, Scientific, and Technical Services",0,0
"1:13","2020-09-17","Management of Companies and Enterprises",0,0
"1:14","2020-09-17","Administrative and Support and Waste
Management and Remediation Services",0,0
"1:15","2020-09-17","Arts, Entertainment, and Recreation",0,0
"1:16","2020-09-17","Accommodation and Food Services",0,0
"1:17","2020-09-17","Public Administration",0,0
"1:18","2020-09-17","Other Services (except Public Administration)",0,0
"1:19","2020-09-17","Total",5,35
"2:1","2020-09-24","Agriculture, Forestry, Fishing and Hunting",0,0
"2:2","2020-09-24","Mining",0,0
"2:3","2020-09-24","Utilities",0,0
"2:4","2020-09-24","Construction",0,0
"2:5","2020-09-24","Manufacturing",6,33
"2:6","2020-09-24","Wholesale Trade",0,0
"2:7","2020-09-24","Retail Trade",0,0
"2:8","2020-09-24","Transportation and Warehousing",0,0
"2:9","2020-09-24","Information",0,0
"2:10","2020-09-24","Finance and Insurance",0,0
"2:11","2020-09-24","Real Estate Rental and Leasing",0,0
"2:12","2020-09-24","Professional, Scientific, and Technical Services",0,0
"2:13","2020-09-24","Management of Companies and Enterprises",0,0
"2:14","2020-09-24","Administrative and Support and Waste
Management and Remediation Services",0,0
"2:15","2020-09-24","Arts, Entertainment, and Recreation",0,0
"2:16","2020-09-24","Accommodation and Food Services",0,0
"2:17","2020-09-24","Public Administration",0,0
"2:18","2020-09-24","Other Services (except Public Administration)",0,0
"2:19","2020-09-24","Total",6,33
"3:1","2020-09-28","Agriculture, Forestry, Fishing and Hunting",0,0
"3:2","2020-09-28","Mining",0,0
"3:3","2020-09-28","Utilities",0,0
"3:4","2020-09-28","Construction",0,0
"3:5","2020-09-28","Manufacturing",2,12
"3:6","2020-09-28","Wholesale Trade",0,0
"3:7","2020-09-28","Retail Trade",0,0
"3:8","2020-09-28","Transportation and Warehousing",0,0
"3:9","2020-09-28","Information",0,0
"3:10","2020-09-28","Finance and Insurance",0,0
"3:11","2020-09-28","Real Estate Rental and Leasing",0,0
"3:12","2020-09-28","Professional, Scientific, and Technical Services",0,0
"3:13","2020-09-28","Management of Companies and Enterprises",0,0
"3:14","2020-09-28","Administrative and Support and Waste
Management and Remediation Services",0,0
"3:15","2020-09-28","Arts, Entertainment, and Recreation",0,0
"3:16","2020-09-28","Accommodation and Food Services",0,0
"3:17","2020-09-28","Public Administration",1,6
"3:18","2020-09-28","Other Services (except Public Administration)",0,0
"3:19","2020-09-28","Total",3,18
"4:1","2020-10-01","Agriculture, Forestry, Fishing and Hunting",1,26
"4:2","2020-10-01","Mining",0,0
"4:3","2020-10-01","Utilities",0,0
"4:4","2020-10-01","Construction",0,0
"4:5","2020-10-01","Manufacturing",3,17
"4:6","2020-10-01","Wholesale Trade",0,0
"4:7","2020-10-01","Retail Trade",0,0
"4:8","2020-10-01","Transportation and Warehousing",0,0
"4:9","2020-10-01","Information",0,0
"4:10","2020-10-01","Finance and Insurance",0,0
"4:11","2020-10-01","Real Estate Rental and Leasing",0,0
"4:12","2020-10-01","Professional, Scientific, and Technical Services",0,0
"4:13","2020-10-01","Management of Companies and Enterprises",0,0
"4:14","2020-10-01","Administrative and Support and Waste
Management and Remediation Services",0,0
"4:15","2020-10-01","Arts, Entertainment, and Recreation",0,0
"4:16","2020-10-01","Accommodation and Food Services",0,0
"4:17","2020-10-01","Public Administration",1,7
"4:18","2020-10-01","Other Services (except Public Administration)",0,0
"4:19","2020-10-01","Total",5,50
"5:1","2020-10-05","Agriculture, Forestry, Fishing and Hunting",1,26
"5:2","2020-10-05","Mining",0,0
"5:3","2020-10-05","Utilities",0,0
"5:4","2020-10-05","Construction",0,0
"5:5","2020-10-05","Manufacturing",4,23
"5:6","2020-10-05","Wholesale Trade",0,0
"5:7","2020-10-05","Retail Trade",0,0
"5:8","2020-10-05","Transportation and Warehousing",0,0
"5:9","2020-10-05","Information",0,0
"5:10","2020-10-05","Finance and Insurance",0,0
"5:11","2020-10-05","Real Estate Rental and Leasing",0,0
"5:12","2020-10-05","Professional, Scientific, and Technical Services",0,0
"5:13","2020-10-05","Management of Companies and Enterprises",0,0
"5:14","2020-10-05","Administrative and Support and Waste
Management and Remediation Services",0,0
"5:15","2020-10-05","Arts, Entertainment, and Recreation",1,7
"5:16","2020-10-05","Accommodation and Food Services",0,0
"5:17","2020-10-05","Public Administration",0,0
"5:18","2020-10-05","Other Services (except Public Administration)",0,0
"5:19","2020-10-05","Total",6,56
"6:1","2020-10-08","Agriculture, Forestry, Fishing and Hunting",1,6
"6:2","2020-10-08","Mining",0,0
"6:3","2020-10-08","Utilities",0,0
"6:4","2020-10-08","Construction",0,0
"6:5","2020-10-08","Manufacturing",5,34
"6:6","2020-10-08","Wholesale Trade",0,0
"6:7","2020-10-08","Retail Trade",0,0
"6:8","2020-10-08","Transportation and Warehousing",0,0
"6:9","2020-10-08","Information",0,0
"6:10","2020-10-08","Finance and Insurance",0,0
"6:11","2020-10-08","Real Estate Rental and Leasing",0,0
"6:12","2020-10-08","Professional, Scientific, and Technical Services",0,0
"6:13","2020-10-08","Management of Companies and Enterprises",0,0
"6:14","2020-10-08","Administrative and Support and Waste
Management and Remediation Services",0,0
"6:15","2020-10-08","Arts, Entertainment, and Recreation",1,10
"6:16","2020-10-08","Accommodation and Food Services",0,0
"6:17","2020-10-08","Public Administration",0,0
"6:18","2020-10-08","Other Services (except Public Administration)",0,0
"6:19","2020-10-08","Total",7,50
"7:1","2020-10-12","Agriculture, Forestry, Fishing and Hunting",0,0
"7:2","2020-10-12","Mining",0,0
"7:3","2020-10-12","Utilities",0,0
"7:4","2020-10-12","Construction",0,0
"7:5","2020-10-12","Manufacturing",6,38
"7:6","2020-10-12","Wholesale Trade",0,0
"7:7","2020-10-12","Retail Trade",0,0
"7:8","2020-10-12","Transportation and Warehousing",0,0
"7:9","2020-10-12","Information",0,0
"7:10","2020-10-12","Finance and Insurance",0,0
"7:11","2020-10-12","Real Estate Rental and Leasing",0,0
"7:12","2020-10-12","Professional, Scientific, and Technical Services",0,0
"7:13","2020-10-12","Management of Companies and Enterprises",0,0
"7:14","2020-10-12","Administrative and Support and Waste
Management and Remediation Services",0,0
"7:15","2020-10-12","Arts, Entertainment, and Recreation",1,8
"7:16","2020-10-12","Accommodation and Food Services",0,0
"7:17","2020-10-12","Public Administration",0,0
"7:18","2020-10-12","Other Services (except Public Administration)",0,0
"7:19","2020-10-12","Total",7,46
"8:1","2020-10-15","Agriculture, Forestry, Fishing and Hunting",0,0
"8:2","2020-10-15","Mining",0,0
"8:3","2020-10-15","Utilities",0,0
"8:4","2020-10-15","Construction",1,7
"8:5","2020-10-15","Manufacturing",8,49
"8:6","2020-10-15","Wholesale Trade",0,0
"8:7","2020-10-15","Retail Trade",0,0
"8:8","2020-10-15","Transportation and Warehousing",0,0
"8:9","2020-10-15","Information",0,0
"8:10","2020-10-15","Finance and Insurance",0,0
"8:11","2020-10-15","Real Estate Rental and Leasing",0,0
"8:12","2020-10-15","Professional, Scientific, and Technical Services",0,0
"8:13","2020-10-15","Management of Companies and Enterprises",0,0
"8:14","2020-10-15","Administrative and Support and Waste
Management and Remediation Services",0,0
"8:15","2020-10-15","Arts, Entertainment, and Recreation",0,8
"8:16","2020-10-15","Accommodation and Food Services",0,0
"8:17","2020-10-15","Public Administration",0,0
"8:18","2020-10-15","Other Services (except Public Administration)",0,0
"8:19","2020-10-15","Total",9,56
"9:1","2020-10-19","Agriculture, Forestry, Fishing and Hunting",0,0
"9:2","2020-10-19","Mining",0,0
"9:3","2020-10-19","Utilities",0,0
"9:4","2020-10-19","Construction",0,0
"9:5","2020-10-19","Manufacturing",4,30
"9:6","2020-10-19","Wholesale Trade",0,0
"9:7","2020-10-19","Retail Trade",0,0
"9:8","2020-10-19","Transportation and Warehousing",0,0
"9:9","2020-10-19","Information",0,0
"9:10","2020-10-19","Finance and Insurance",0,0
"9:11","2020-10-19","Real Estate Rental and Leasing",0,0
"9:12","2020-10-19","Professional, Scientific, and Technical Services",0,0
"9:13","2020-10-19","Management of Companies and Enterprises",0,0
"9:14","2020-10-19","Administrative and Support and Waste
Management and Remediation Services",0,0
"9:15","2020-10-19","Arts, Entertainment, and Recreation",0,0
"9:16","2020-10-19","Accommodation and Food Services",0,0
"9:17","2020-10-19","Public Administration",0,0
"9:18","2020-10-19","Other Services (except Public Administration)",0,0
"9:19","2020-10-19","Total",4,30
"10:1","2020-10-22","Agriculture, Forestry, Fishing and Hunting",0,0
"10:2","2020-10-22","Mining",0,0
"10:3","2020-10-22","Utilities",0,0
"10:4","2020-10-22","Construction",0,0
"10:5","2020-10-22","Manufacturing",5,33
"10:6","2020-10-22","Wholesale Trade",0,0
"10:7","2020-10-22","Retail Trade",0,0
"10:8","2020-10-22","Transportation and Warehousing",0,0
"10:9","2020-10-22","Information",0,0
"10:10","2020-10-22","Finance and Insurance",0,0
"10:11","2020-10-22","Real Estate Rental and Leasing",0,0
"10:12","2020-10-22","Professional, Scientific, and Technical Services",0,0
"10:13","2020-10-22","Management of Companies and Enterprises",0,0
"10:14","2020-10-22","Administrative and Support and Waste
Management and Remediation Services",0,0
"10:15","2020-10-22","Arts, Entertainment, and Recreation",0,0
"10:16","2020-10-22","Accommodation and Food Services",0,0
"10:17","2020-10-22","Public Administration",0,0
"10:18","2020-10-22","Other Services (except Public Administration)",0,0
"10:19","2020-10-22","Total",5,33
"11:1","2020-10-26","Agriculture, Forestry, Fishing and Hunting",0,0
"11:2","2020-10-26","Mining",0,0
"11:3","2020-10-26","Utilities",0,0
"11:4","2020-10-26","Construction",0,0
"11:5","2020-10-26","Manufacturing",8,53
"11:6","2020-10-26","Wholesale Trade",0,0
"11:7","2020-10-26","Retail Trade",0,0
"11:8","2020-10-26","Transportation and Warehousing",0,0
"11:9","2020-10-26","Information",0,0
"11:10","2020-10-26","Finance and Insurance",0,0
"11:11","2020-10-26","Real Estate Rental and Leasing",0,0
"11:12","2020-10-26","Professional, Scientific, and Technical Services",0,0
"11:13","2020-10-26","Management of Companies and Enterprises",0,0
"11:14","2020-10-26","Administrative and Support and Waste
Management and Remediation Services",0,0
"11:15","2020-10-26","Arts, Entertainment, and Recreation",0,0
"11:16","2020-10-26","Accommodation and Food Services",0,0
"11:17","2020-10-26","Public Administration",0,0
"11:18","2020-10-26","Other Services (except Public Administration)",0,0
"11:19","2020-10-26","Total",8,53
"12:1","2020-10-29","Agriculture, Forestry, Fishing and Hunting",0,0
"12:2","2020-10-29","Mining",0,0
"12:3","2020-10-29","Utilities",0,0
"12:4","2020-10-29","Construction",0,0
"12:5","2020-10-29","Manufacturing",10,61
"12:6","2020-10-29","Wholesale Trade",0,0
"12:7","2020-10-29","Retail Trade",0,0
"12:8","2020-10-29","Transportation and Warehousing",0,0
"12:9","2020-10-29","Information",0,0
"12:10","2020-10-29","Finance and Insurance",0,0
"12:11","2020-10-29","Real Estate Rental and Leasing",0,0
"12:12","2020-10-29","Professional, Scientific, and Technical Services",0,0
"12:13","2020-10-29","Management of Companies and Enterprises",0,0
"12:14","2020-10-29","Administrative and Support and Waste
Management and Remediation Services",0,0
"12:15","2020-10-29","Arts, Entertainment, and Recreation",0,0
"12:16","2020-10-29","Accommodation and Food Services",0,0
"12:17","2020-10-29","Public Administration",0,0
"12:18","2020-10-29","Other Services (except Public Administration)",0,0
"12:19","2020-10-29","Total",10,61
"13:1","2020-11-02","Agriculture, Forestry, Fishing and Hunting",0,0
"13:2","2020-11-02","Mining",0,0
"13:3","2020-11-02","Utilities",0,0
"13:4","2020-11-02","Construction",0,0
"13:5","2020-11-02","Manufacturing",9,54
"13:6","2020-11-02","Wholesale Trade",0,0
"13:7","2020-11-02","Retail Trade",0,0
"13:8","2020-11-02","Transportation and Warehousing",0,0
"13:9","2020-11-02","Information",0,0
"13:10","2020-11-02","Finance and Insurance",0,0
"13:11","2020-11-02","Real Estate Rental and Leasing",0,0
"13:12","2020-11-02","Professional, Scientific, and Technical Services",0,0
"13:13","2020-11-02","Management of Companies and Enterprises",0,0
"13:14","2020-11-02","Administrative and Support and Waste
Management and Remediation Services",0,0
"13:15","2020-11-02","Arts, Entertainment, and Recreation",0,0
"13:16","2020-11-02","Accommodation and Food Services",0,0
"13:17","2020-11-02","Public Administration",0,0
"13:18","2020-11-02","Other Services (except Public Administration)",0,0
"13:19","2020-11-02","Total",9,54
"14:1","2020-11-05","Agriculture, Forestry, Fishing and Hunting",0,0
"14:2","2020-11-05","Mining",0,0
"14:3","2020-11-05","Utilities",0,0
"14:4","2020-11-05","Construction",0,0
"14:5","2020-11-05","Manufacturing",10,62
"14:6","2020-11-05","Wholesale Trade",0,0
"14:7","2020-11-05","Retail Trade",0,0
"14:8","2020-11-05","Transportation and Warehousing",0,0
"14:9","2020-11-05","Information",0,0
"14:10","2020-11-05","Finance and Insurance",0,0
"14:11","2020-11-05","Real Estate Rental and Leasing",0,0
"14:12","2020-11-05","Professional, Scientific, and Technical Services",0,0
"14:13","2020-11-05","Management of Companies and Enterprises",0,0
"14:14","2020-11-05","Administrative and Support and Waste
Management and Remediation Services",0,0
"14:15","2020-11-05","Arts, Entertainment, and Recreation",0,0
"14:16","2020-11-05","Accommodation and Food Services",0,0
"14:17","2020-11-05","Public Administration",0,0
"14:18","2020-11-05","Other Services (except Public Administration)",0,0
"14:19","2020-11-05","Total",10,62
"15:1","2020-11-09","Agriculture, Forestry, Fishing and Hunting",0,0
"15:2","2020-11-09","Mining",0,0
"15:3","2020-11-09","Utilities",0,0
"15:4","2020-11-09","Construction",0,0
"15:5","2020-11-09","Manufacturing",6,39
"15:6","2020-11-09","Wholesale Trade",0,0
"15:7","2020-11-09","Retail Trade",0,0
"15:8","2020-11-09","Transportation and Warehousing",0,0
"15:9","2020-11-09","Information",0,0
"15:10","2020-11-09","Finance and Insurance",0,0
"15:11","2020-11-09","Real Estate Rental and Leasing",0,0
"15:12","2020-11-09","Professional, Scientific, and Technical Services",0,0
"15:13","2020-11-09","Management of Companies and Enterprises",0,0
"15:14","2020-11-09","Administrative and Support and Waste
Management and Remediation Services",0,0
"15:15","2020-11-09","Arts, Entertainment, and Recreation",0,0
"15:16","2020-11-09","Accommodation and Food Services",0,0
"15:17","2020-11-09","Public Administration",0,0
"15:18","2020-11-09","Other Services (except Public Administration)",0,0
"15:19","2020-11-09","Total",6,39
"16:1","2020-11-12","Agriculture, Forestry, Fishing and Hunting",0,0
"16:2","2020-11-12","Mining",0,0
"16:3","2020-11-12","Utilities",0,0
"16:4","2020-11-12","Construction",0,0
"16:5","2020-11-12","Manufacturing",9,59
"16:6","2020-11-12","Wholesale Trade",0,0
"16:7","2020-11-12","Retail Trade",0,0
"16:8","2020-11-12","Transportation and Warehousing",0,0
"16:9","2020-11-12","Information",0,0
"16:10","2020-11-12","Finance and Insurance",0,0
"16:11","2020-11-12","Real Estate Rental and Leasing",0,0
"16:12","2020-11-12","Professional, Scientific, and Technical Services",0,0
"16:13","2020-11-12","Management of Companies and Enterprises",0,0
"16:14","2020-11-12","Administrative and Support and Waste
Management and Remediation Services",0,0
"16:15","2020-11-12","Arts, Entertainment, and Recreation",0,0
"16:16","2020-11-12","Accommodation and Food Services",0,0
"16:17","2020-11-12","Public Administration",0,0
"16:18","2020-11-12","Other Services (except Public Administration)",0,0
"16:19","2020-11-12","Total",9,59
"17:1","2020-11-16","Agriculture, Forestry, Fishing and Hunting",0,0
"17:2","2020-11-16","Mining",0,0
"17:3","2020-11-16","Utilities",0,0
"17:4","2020-11-16","Construction",1,7
"17:5","2020-11-16","Manufacturing",9,54
"17:6","2020-11-16","Wholesale Trade",0,0
"17:7","2020-11-16","Retail Trade",0,0
"17:8","2020-11-16","Transportation and Warehousing",0,0
"17:9","2020-11-16","Information",0,0
"17:10","2020-11-16","Finance and Insurance",0,0
"17:11","2020-11-16","Real Estate Rental and Leasing",0,0
"17:12","2020-11-16","Professional, Scientific, and Technical Services",0,0
"17:13","2020-11-16","Management of Companies and Enterprises",0,0
"17:14","2020-11-16","Administrative and Support and Waste
Management and Remediation Services",0,0
"17:15","2020-11-16","Arts, Entertainment, and Recreation",0,0
"17:16","2020-11-16","Accommodation and Food Services",0,0
"17:17","2020-11-16","Public Administration",0,0
"17:18","2020-11-16","Other Services (except Public Administration)",0,0
"17:19","2020-11-16","Total",10,61
"18:1","2020-11-19","Agriculture, Forestry, Fishing and Hunting",0,0
"18:2","2020-11-19","Mining",0,0
"18:3","2020-11-19","Utilities",0,0
"18:4","2020-11-19","Construction",0,0
"18:5","2020-11-19","Manufacturing",8,51
"18:6","2020-11-19","Wholesale Trade",0,0
"18:7","2020-11-19","Retail Trade",0,0
"18:8","2020-11-19","Transportation and Warehousing",0,0
"18:9","2020-11-19","Information",0,0
"18:10","2020-11-19","Finance and Insurance",0,0
"18:11","2020-11-19","Real Estate Rental and Leasing",0,0
"18:12","2020-11-19","Professional, Scientific, and Technical Services",0,0
"18:13","2020-11-19","Management of Companies and Enterprises",0,0
"18:14","2020-11-19","Administrative and Support and Waste
Management and Remediation Services",0,0
"18:15","2020-11-19","Arts, Entertainment, and Recreation",0,0
"18:16","2020-11-19","Accommodation and Food Services",0,0
"18:17","2020-11-19","Public Administration",0,0
"18:18","2020-11-19","Other Services (except Public Administration)",0,0
"18:19","2020-11-19","Total",8,51
"19:1","2020-11-23","Agriculture, Forestry, Fishing and Hunting",0,0
"19:2","2020-11-23","Mining",0,0
"19:3","2020-11-23","Utilities",0,0
"19:4","2020-11-23","Construction",0,0
"19:5","2020-11-23","Manufacturing",6,42
"19:6","2020-11-23","Wholesale Trade",0,0
"19:7","2020-11-23","Retail Trade",0,0
"19:8","2020-11-23","Transportation and Warehousing",0,0
"19:9","2020-11-23","Information",0,0
"19:10","2020-11-23","Finance and Insurance",0,0
"19:11","2020-11-23","Real Estate Rental and Leasing",0,0
"19:12","2020-11-23","Professional, Scientific, and Technical Services",0,0
"19:13","2020-11-23","Management of Companies and Enterprises",0,0
"19:14","2020-11-23","Administrative and Support and Waste
Management and Remediation Services",0,0
"19:15","2020-11-23","Arts, Entertainment, and Recreation",0,0
"19:16","2020-11-23","Accommodation and Food Services",0,0
"19:17","2020-11-23","Public Administration",0,0
"19:18","2020-11-23","Other Services (except Public Administration)",0,0
"19:19","2020-11-23","Total",6,42
"20:1","2020-11-26","Agriculture, Forestry, Fishing and Hunting",0,0
"20:2","2020-11-26","Mining",0,0
"20:3","2020-11-26","Utilities",0,0
"20:4","2020-11-26","Construction",0,0
"20:5","2020-11-26","Manufacturing",7,51
"20:6","2020-11-26","Wholesale Trade",0,0
"20:7","2020-11-26","Retail Trade",0,0
"20:8","2020-11-26","Transportation and Warehousing",0,0
"20:9","2020-11-26","Information",0,0
"20:10","2020-11-26","Finance and Insurance",0,0
"20:11","2020-11-26","Real Estate Rental and Leasing",0,0
"20:12","2020-11-26","Professional, Scientific, and Technical Services",0,0
"20:13","2020-11-26","Management of Companies and Enterprises",0,0
"20:14","2020-11-26","Administrative and Support and Waste
Management and Remediation Services",0,0
"20:15","2020-11-26","Arts, Entertainment, and Recreation",0,0
"20:16","2020-11-26","Accommodation and Food Services",0,0
"20:17","2020-11-26","Public Administration",0,0
"20:18","2020-11-26","Other Services (except Public Administration)",0,0
"20:19","2020-11-26","Total",7,51
"21:1","2020-11-30","Agriculture, Forestry, Fishing and Hunting",0,0
"21:2","2020-11-30","Mining",0,0
"21:3","2020-11-30","Utilities",0,0
"21:4","2020-11-30","Construction",0,0
"21:5","2020-11-30","Manufacturing",7,50
"21:6","2020-11-30","Wholesale Trade",0,0
"21:7","2020-11-30","Retail Trade",0,0
"21:8","2020-11-30","Transportation and Warehousing",0,0
"21:9","2020-11-30","Information",0,0
"21:10","2020-11-30","Finance and Insurance",0,0
"21:11","2020-11-30","Real Estate Rental and Leasing",0,0
"21:12","2020-11-30","Professional, Scientific, and Technical Services",0,0
"21:13","2020-11-30","Management of Companies and Enterprises",0,0
"21:14","2020-11-30","Administrative and Support and Waste
Management and Remediation Services",0,0
"21:15","2020-11-30","Arts, Entertainment, and Recreation",0,0
"21:16","2020-11-30","Accommodation and Food Services",0,0
"21:17","2020-11-30","Public Administration",0,0
"21:18","2020-11-30","Other Services (except Public Administration)",0,0
"21:19","2020-11-30","Total",7,50
"22:1","2020-12-03","Agriculture, Forestry, Fishing and Hunting",0,0
"22:2","2020-12-03","Mining",0,0
"22:3","2020-12-03","Utilities",0,0
"22:4","2020-12-03","Construction",0,0
"22:5","2020-12-03","Manufacturing",5,30
"22:6","2020-12-03","Wholesale Trade",0,0
"22:7","2020-12-03","Retail Trade",0,0
"22:8","2020-12-03","Transportation and Warehousing",0,0
"22:9","2020-12-03","Information",0,0
"22:10","2020-12-03","Finance and Insurance",0,0
"22:11","2020-12-03","Real Estate Rental and Leasing",0,0
"22:12","2020-12-03","Professional, Scientific, and Technical Services",0,0
"22:13","2020-12-03","Management of Companies and Enterprises",0,0
"22:14","2020-12-03","Administrative and Support and Waste Management and Remediation Services",0,0
"22:15","2020-12-03","Arts, Entertainment, and Recreation",0,0
"22:16","2020-12-03","Accommodation and Food Services",0,0
"22:17","2020-12-03","Public Administration",0,0
"22:18","2020-12-03","Other Services (except Public Administration)",0,0
"22:19","2020-12-03","Total",5,30
"23:1","2020-12-07","Agriculture, Forestry, Fishing and Hunting",0,0
"23:2","2020-12-07","Mining",0,0
"23:3","2020-12-07","Utilities",0,0
"23:4","2020-12-07","Construction",0,0
"23:5","2020-12-07","Manufacturing",15,112
"23:6","2020-12-07","Wholesale Trade",0,0
"23:7","2020-12-07","Retail Trade",0,0
"23:8","2020-12-07","Transportation and Warehousing",0,0
"23:9","2020-12-07","Information",0,0
"23:10","2020-12-07","Finance and Insurance",0,0
"23:11","2020-12-07","Real Estate Rental and Leasing",0,0
"23:12","2020-12-07","Professional, Scientific, and Technical Services",0,0
"23:13","2020-12-07","Management of Companies and Enterprises",0,0
"23:14","2020-12-07","Administrative and Support and Waste Management and Remediation Services",0,0
"23:15","2020-12-07","Arts, Entertainment, and Recreation",0,0
"23:16","2020-12-07","Accommodation and Food Services",0,0
"23:17","2020-12-07","Public Administration",0,0
"23:18","2020-12-07","Other Services (except Public Administration)",0,0
"23:19","2020-12-07","Total",15,112
"24:1","2020-12-10","Agriculture, Forestry, Fishing and Hunting",0,0
"24:2","2020-12-10","Mining",0,0
"24:3","2020-12-10","Utilities",0,0
"24:4","2020-12-10","Construction",0,0
"24:5","2020-12-10","Manufacturing",11,95
"24:6","2020-12-10","Wholesale Trade",0,0
"24:7","2020-12-10","Retail Trade",0,0
"24:8","2020-12-10","Transportation and Warehousing",0,0
"24:9","2020-12-10","Information",0,0
"24:10","2020-12-10","Finance and Insurance",0,0
"24:11","2020-12-10","Real Estate Rental and Leasing",0,0
"24:12","2020-12-10","Professional, Scientific, and Technical Services",0,0
"24:13","2020-12-10","Management of Companies and Enterprises",0,0
"24:14","2020-12-10","Administrative and Support and Waste Management and Remediation Services",0,0
"24:15","2020-12-10","Arts, Entertainment, and Recreation",0,0
"24:16","2020-12-10","Accommodation and Food Services",0,0
"24:17","2020-12-10","Public Administration",0,0
"24:18","2020-12-10","Other Services (except Public Administration)",1,7
"24:19","2020-12-10","Total",12,102
"25:1","2020-12-14","Agriculture, Forestry, Fishing and Hunting",0,0
"25:2","2020-12-14","Mining",0,0
"25:3","2020-12-14","Utilities",0,0
"25:4","2020-12-14","Construction",0,0
"25:5","2020-12-14","Manufacturing",24,205
"25:6","2020-12-14","Wholesale Trade",0,0
"25:7","2020-12-14","Retail Trade",0,0
"25:8","2020-12-14","Transportation and Warehousing",0,0
"25:9","2020-12-14","Information",0,0
"25:10","2020-12-14","Finance and Insurance",0,0
"25:11","2020-12-14","Real Estate Rental and Leasing",0,0
"25:12","2020-12-14","Professional, Scientific, and Technical Services",0,0
"25:13","2020-12-14","Management of Companies and Enterprises",0,0
"25:14","2020-12-14","Administrative and Support and Waste Management and Remediation Services",0,0
"25:15","2020-12-14","Arts, Entertainment, and Recreation",0,0
"25:16","2020-12-14","Accommodation and Food Services",0,0
"25:17","2020-12-14","Public Administration",0,0
"25:18","2020-12-14","Other Services (except Public Administration)",0,0
"25:19","2020-12-14","Total",24,205
"26:1","2020-12-17","Agriculture, Forestry, Fishing and Hunting",0,0
"26:2","2020-12-17","Mining",0,0
"26:3","2020-12-17","Utilities",0,0
"26:4","2020-12-17","Construction",0,0
"26:5","2020-12-17","Manufacturing",15,101
"26:6","2020-12-17","Wholesale Trade",0,0
"26:7","2020-12-17","Retail Trade",0,0
"26:8","2020-12-17","Transportation and Warehousing",0,0
"26:9","2020-12-17","Information",0,0
"26:10","2020-12-17","Finance and Insurance",0,0
"26:11","2020-12-17","Real Estate Rental and Leasing",0,0
"26:12","2020-12-17","Professional, Scientific, and Technical Services",0,0
"26:13","2020-12-17","Management of Companies and Enterprises",0,0
"26:14","2020-12-17","Administrative and Support and Waste Management and Remediation Services",0,0
"26:15","2020-12-17","Arts, Entertainment, and Recreation",0,0
"26:16","2020-12-17","Accommodation and Food Services",0,0
"26:17","2020-12-17","Public Administration",0,0
"26:18","2020-12-17","Other Services (except Public Administration)",0,0
"26:19","2020-12-17","Total",15,101
"27:1","2020-12-21","Agriculture, Forestry, Fishing and Hunting",0,0
"27:2","2020-12-21","Mining",0,0
"27:3","2020-12-21","Utilities",0,0
"27:4","2020-12-21","Construction",0,0
"27:5","2020-12-21","Manufacturing",10,63
"27:6","2020-12-21","Wholesale Trade",0,0
"27:7","2020-12-21","Retail Trade",0,0
"27:8","2020-12-21","Transportation and Warehousing",0,0
"27:9","2020-12-21","Information",0,0
"27:10","2020-12-21","Finance and Insurance",0,0
"27:11","2020-12-21","Real Estate Rental and Leasing",0,0
"27:12","2020-12-21","Professional, Scientific, and Technical Services",0,0
"27:13","2020-12-21","Management of Companies and Enterprises",0,0
"27:14","2020-12-21","Administrative and Support and Waste Management and Remediation Services",0,0
"27:15","2020-12-21","Arts, Entertainment, and Recreation",0,0
"27:16","2020-12-21","Accommodation and Food Services",0,0
"27:17","2020-12-21","Public Administration",0,0
"27:18","2020-12-21","Other Services (except Public Administration)",0,0
"27:19","2020-12-21","Total",10,63
"28:1","2020-12-24","Agriculture, Forestry, Fishing and Hunting",0,0
"28:2","2020-12-24","Mining",0,0
"28:3","2020-12-24","Utilities",1,7
"28:4","2020-12-24","Construction",0,0
"28:5","2020-12-24","Manufacturing",17,139
"28:6","2020-12-24","Wholesale Trade",0,0
"28:7","2020-12-24","Retail Trade",1,6
"28:8","2020-12-24","Transportation and Warehousing",0,0
"28:9","2020-12-24","Information",0,0
"28:10","2020-12-24","Finance and Insurance",0,0
"28:11","2020-12-24","Real Estate Rental and Leasing",0,0
"28:12","2020-12-24","Professional, Scientific, and Technical Services",0,0
"28:13","2020-12-24","Management of Companies and Enterprises",0,0
"28:14","2020-12-24","Administrative and Support and Waste Management and Remediation Services",0,0
"28:15","2020-12-24","Arts, Entertainment, and Recreation",0,0
"28:16","2020-12-24","Accommodation and Food Services",0,0
"28:17","2020-12-24","Public Administration",0,0
"28:18","2020-12-24","Other Services (except Public Administration)",0,0
"28:19","2020-12-24","Total",19,152
"29:1","2020-12-28","Agriculture, Forestry, Fishing and Hunting",0,0
"29:2","2020-12-28","Mining",0,0
"29:3","2020-12-28","Utilities",0,0
"29:4","2020-12-28","Construction",0,0
"29:5","2020-12-28","Manufacturing",3,20
"29:6","2020-12-28","Wholesale Trade",0,0
"29:7","2020-12-28","Retail Trade",0,0
"29:8","2020-12-28","Transportation and Warehousing",0,0
"29:9","2020-12-28","Information",0,0
"29:10","2020-12-28","Finance and Insurance",1,5
"29:11","2020-12-28","Real Estate Rental and Leasing",0,0
"29:12","2020-12-28","Professional, Scientific, and Technical Services",0,0
"29:13","2020-12-28","Management of Companies and Enterprises",0,0
"29:14","2020-12-28","Administrative and Support and Waste Management and Remediation Services",0,0
"29:15","2020-12-28","Arts, Entertainment, and Recreation",0,0
"29:16","2020-12-28","Accommodation and Food Services",0,0
"29:17","2020-12-28","Public Administration",0,0
"29:18","2020-12-28","Other Services (except Public Administration)",0,0
"29:19","2020-12-28","Total",4,25
"30:1","2020-12-31","Agriculture, Forestry, Fishing and Hunting",0,0
"30:2","2020-12-31","Mining",0,0
"30:3","2020-12-31","Utilities",0,0
"30:4","2020-12-31","Construction",0,0
"30:5","2020-12-31","Manufacturing",5,32
"30:6","2020-12-31","Wholesale Trade",0,0
"30:7","2020-12-31","Retail Trade",0,0
"30:8","2020-12-31","Transportation and Warehousing",0,0
"30:9","2020-12-31","Information",0,0
"30:10","2020-12-31","Finance and Insurance",0,0
"30:11","2020-12-31","Real Estate Rental and Leasing",0,0
"30:12","2020-12-31","Professional, Scientific, and Technical Services",0,0
"30:13","2020-12-31","Management of Companies and Enterprises",0,0
"30:14","2020-12-31","Administrative and Support and Waste Management and Remediation Services",1,7
"30:15","2020-12-31","Arts, Entertainment, and Recreation",0,0
"30:16","2020-12-31","Accommodation and Food Services",0,0
"30:17","2020-12-31","Public Administration",0,0
"30:18","2020-12-31","Other Services (except Public Administration)",0,0
"30:19","2020-12-31","Total",6,39
"31:1","2021-01-04","Agriculture, Forestry, Fishing and Hunting",0,0
"31:2","2021-01-04","Mining",0,0
"31:3","2021-01-04","Utilities",0,0
"31:4","2021-01-04","Construction",0,0
"31:5","2021-01-04","Manufacturing",3,22
"31:6","2021-01-04","Wholesale Trade",0,0
"31:7","2021-01-04","Retail Trade",0,0
"31:8","2021-01-04","Transportation and Warehousing",0,0
"31:9","2021-01-04","Information",0,0
"31:10","2021-01-04","Finance and Insurance",0,0
"31:11","2021-01-04","Real Estate Rental and Leasing",0,0
"31:12","2021-01-04","Professional, Scientific, and Technical Services",0,0
"31:13","2021-01-04","Management of Companies and Enterprises",0,0
"31:14","2021-01-04","Administrative and Support and Waste Management and Remediation Services",0,0
"31:15","2021-01-04","Arts, Entertainment, and Recreation",0,0
"31:16","2021-01-04","Accommodation and Food Services",0,0
"31:17","2021-01-04","Public Administration",0,0
"31:18","2021-01-04","Other Services (except Public Administration)",0,0
"31:19","2021-01-04","Total",3,22
"32:1","2021-01-07","Agriculture, Forestry, Fishing and Hunting",0,0
"32:2","2021-01-07","Mining",0,0
"32:3","2021-01-07","Utilities",0,0
"32:4","2021-01-07","Construction",0,0
"32:5","2021-01-07","Manufacturing",9,73
"32:6","2021-01-07","Wholesale Trade",0,0
"32:7","2021-01-07","Retail Trade",1,8
"32:8","2021-01-07","Transportation and Warehousing",0,0
"32:9","2021-01-07","Information",0,0
"32:10","2021-01-07","Finance and Insurance",1,7
"32:11","2021-01-07","Real Estate Rental and Leasing",0,0
"32:12","2021-01-07","Professional, Scientific, and Technical Services",0,0
"32:13","2021-01-07","Management of Companies and Enterprises",0,0
"32:14","2021-01-07","Administrative and Support and Waste Management and Remediation Services",0,0
"32:15","2021-01-07","Arts, Entertainment, and Recreation",0,0
"32:16","2021-01-07","Accommodation and Food Services",0,0
"32:17","2021-01-07","Public Administration",0,0
"32:18","2021-01-07","Other Services (except Public Administration)",0,0
"32:19","2021-01-07","Total",11,88
"33:1","2021-01-11","Agriculture, Forestry, Fishing and Hunting",0,0
"33:2","2021-01-11","Mining",0,0
"33:3","2021-01-11","Utilities",0,0
"33:4","2021-01-11","Construction",0,0
"33:5","2021-01-11","Manufacturing",8,73
"33:6","2021-01-11","Wholesale Trade",0,0
"33:7","2021-01-11","Retail Trade",1,5
"33:8","2021-01-11","Transportation and Warehousing",0,0
"33:9","2021-01-11","Information",0,0
"33:10","2021-01-11","Finance and Insurance",1,5
"33:11","2021-01-11","Real Estate Rental and Leasing",0,0
"33:12","2021-01-11","Professional, Scientific, and Technical Services",0,0
"33:13","2021-01-11","Management of Companies and Enterprises",0,0
"33:14","2021-01-11","Administrative and Support and Waste Management and Remediation Services",1,5
"33:15","2021-01-11","Arts, Entertainment, and Recreation",0,0
"33:16","2021-01-11","Accommodation and Food Services",0,0
"33:17","2021-01-11","Public Administration",0,0
"33:18","2021-01-11","Other Services (except Public Administration)",0,0
"33:19","2021-01-11","Total",11,88
"34:1","2021-01-14","Agriculture, Forestry, Fishing and Hunting",0,0
"34:2","2021-01-14","Mining",0,0
"34:3","2021-01-14","Utilities",0,0
"34:4","2021-01-14","Construction",0,0
"34:5","2021-01-14","Manufacturing",11,83
"34:6","2021-01-14","Wholesale Trade",0,0
"34:7","2021-01-14","Retail Trade",0,0
"34:8","2021-01-14","Transportation and Warehousing",0,0
"34:9","2021-01-14","Information",0,0
"34:10","2021-01-14","Finance and Insurance",0,0
"34:11","2021-01-14","Real Estate Rental and Leasing",0,0
"34:12","2021-01-14","Professional, Scientific, and Technical Services",0,0
"34:13","2021-01-14","Management of Companies and Enterprises",0,0
"34:14","2021-01-14","Administrative and Support and Waste Management and Remediation Services",0,0
"34:15","2021-01-14","Arts, Entertainment, and Recreation",0,0
"34:16","2021-01-14","Accommodation and Food Services",1,5
"34:17","2021-01-14","Public Administration",0,0
"34:18","2021-01-14","Other Services (except Public Administration)",0,0
"34:19","2021-01-14","Total",12,88
"35:1","2021-01-18","Agriculture, Forestry, Fishing and Hunting",0,0
"35:2","2021-01-18","Mining",0,0
"35:3","2021-01-18","Utilities",0,0
"35:4","2021-01-18","Construction",0,0
"35:5","2021-01-18","Manufacturing",14,103
"35:6","2021-01-18","Wholesale Trade",0,0
"35:7","2021-01-18","Retail Trade",0,0
"35:8","2021-01-18","Transportation and Warehousing",0,0
"35:9","2021-01-18","Information",0,0
"35:10","2021-01-18","Finance and Insurance",1,7
"35:11","2021-01-18","Real Estate Rental and Leasing",0,0
"35:12","2021-01-18","Professional, Scientific, and Technical Services",0,0
"35:13","2021-01-18","Management of Companies and Enterprises",0,0
"35:14","2021-01-18","Administrative and Support and Waste
Management and Remediation Services",0,0
"35:15","2021-01-18","Arts, Entertainment, and Recreation",0,0
"35:16","2021-01-18","Accommodation and Food Services",0,0
"35:17","2021-01-18","Public Administration",0,0
"35:18","2021-01-18","Other Services (except Public Administration)",0,0
"35:19","2021-01-18","Total",15,110
"36:1","2021-01-21","Agriculture, Forestry, Fishing and Hunting",0,0
"36:2","2021-01-21","Mining",0,0
"36:3","2021-01-21","Utilities",0,0
"36:4","2021-01-21","Construction",0,0
"36:5","2021-01-21","Manufacturing",6,35
"36:6","2021-01-21","Wholesale Trade",0,0
"36:7","2021-01-21","Retail Trade",0,0
"36:8","2021-01-21","Transportation and Warehousing",0,0
"36:9","2021-01-21","Information",0,0
"36:10","2021-01-21","Finance and Insurance",1,5
"36:11","2021-01-21","Real Estate Rental and Leasing",0,0
"36:12","2021-01-21","Professional, Scientific, and Technical Services",0,0
"36:13","2021-01-21","Management of Companies and Enterprises",0,0
"36:14","2021-01-21","Administrative and Support and Waste Management and Remediation Services",0,0
"36:15","2021-01-21","Arts, Entertainment, and Recreation",0,0
"36:16","2021-01-21","Accommodation and Food Services",0,0
"36:17","2021-01-21","Public Administration",0,0
"36:18","2021-01-21","Other Services (except Public Administration)",0,0
"36:19","2021-01-21","Total",7,40
"37:1","2021-01-25","Agriculture, Forestry, Fishing and Hunting",0,0
"37:2","2021-01-25","Mining",0,0
"37:3","2021-01-25","Utilities",0,0
"37:4","2021-01-25","Construction",0,0
"37:5","2021-01-25","Manufacturing",8,58
"37:6","2021-01-25","Wholesale Trade",0,0
"37:7","2021-01-25","Retail Trade",0,0
"37:8","2021-01-25","Transportation and Warehousing",0,0
"37:9","2021-01-25","Information",0,0
"37:10","2021-01-25","Finance and Insurance",0,0
"37:11","2021-01-25","Real Estate Rental and Leasing",0,0
"37:12","2021-01-25","Professional, Scientific, and Technical Services",0,0
"37:13","2021-01-25","Management of Companies and Enterprises",0,0
"37:14","2021-01-25","Administrative and Support and Waste Management and Remediation Services",0,0
"37:15","2021-01-25","Arts, Entertainment, and Recreation",0,0
"37:16","2021-01-25","Accommodation and Food Services",0,0
"37:17","2021-01-25","Public Administration",1,6
"37:18","2021-01-25","Other Services (except Public Administration)",0,0
"37:19","2021-01-25","Total",9,64
"38:1","2021-01-28","Agriculture, Forestry, Fishing and Hunting",0,0
"38:2","2021-01-28","Mining",0,0
"38:3","2021-01-28","Utilities",0,0
"38:4","2021-01-28","Construction",0,0
"38:5","2021-01-28","Manufacturing",5,37
"38:6","2021-01-28","Wholesale Trade",0,0
"38:7","2021-01-28","Retail Trade",0,0
"38:8","2021-01-28","Transportation and Warehousing",0,0
"38:9","2021-01-28","Information",0,0
"38:10","2021-01-28","Finance and Insurance",0,0
"38:11","2021-01-28","Real Estate Rental and Leasing",0,0
"38:12","2021-01-28","Professional, Scientific, and Technical Services",0,0
"38:13","2021-01-28","Management of Companies and Enterprises",0,0
"38:14","2021-01-28","Administrative and Support and Waste Management and Remediation Services",0,0
"38:15","2021-01-28","Arts, Entertainment, and Recreation",0,0
"38:16","2021-01-28","Accommodation and Food Services",0,0
"38:17","2021-01-28","Public Administration",0,0
"38:18","2021-01-28","Other Services (except Public Administration)",0,0
"38:19","2021-01-28","Total",5,37
"39:1","2021-02-01","Agriculture, Forestry, Fishing and Hunting",0,0
"39:2","2021-02-01","Mining",0,0
"39:3","2021-02-01","Utilities",0,0
"39:4","2021-02-01","Construction",0,0
"39:5","2021-02-01","Manufacturing",3,21
"39:6","2021-02-01","Wholesale Trade",0,0
"39:7","2021-02-01","Retail Trade",0,0
"39:8","2021-02-01","Transportation and Warehousing",0,0
"39:9","2021-02-01","Information",0,0
"39:10","2021-02-01","Finance and Insurance",0,0
"39:11","2021-02-01","Real Estate Rental and Leasing",0,0
"39:12","2021-02-01","Professional, Scientific, and Technical Services",0,0
"39:13","2021-02-01","Management of Companies and Enterprises",0,0
"39:14","2021-02-01","Administrative and Support and Waste Management and Remediation Services",1,6
"39:15","2021-02-01","Arts, Entertainment, and Recreation",0,0
"39:16","2021-02-01","Accommodation and Food Services",0,0
"39:17","2021-02-01","Public Administration",0,0
"39:18","2021-02-01","Other Services (except Public Administration)",0,0
"39:19","2021-02-01","Total",4,27
"40:1","2021-02-04","Agriculture, Forestry, Fishing and Hunting",0,0
"40:2","2021-02-04","Mining",0,0
"40:3","2021-02-04","Utilities",0,0
"40:4","2021-02-04","Construction",0,0
"40:5","2021-02-04","Manufacturing",3,18
"40:6","2021-02-04","Wholesale Trade",0,0
"40:7","2021-02-04","Retail Trade",1,5
"40:8","2021-02-04","Transportation and Warehousing",0,0
"40:9","2021-02-04","Information",0,0
"40:10","2021-02-04","Finance and Insurance",0,0
"40:11","2021-02-04","Real Estate Rental and Leasing",0,0
"40:12","2021-02-04","Professional, Scientific, and Technical Services",0,0
"40:13","2021-02-04","Management of Companies and Enterprises",0,0
"40:14","2021-02-04","Administrative and Support and Waste
Management and Remediation Services",0,0
"40:15","2021-02-04","Arts, Entertainment, and Recreation",0,0
"40:16","2021-02-04","Accommodation and Food Services",0,0
"40:17","2021-02-04","Public Administration",0,0
"40:18","2021-02-04","Other Services (except Public Administration)",1,5
"40:19","2021-02-04","Total",5,28
"41:1","2021-02-08","Agriculture, Forestry, Fishing and Hunting",0,0
"41:2","2021-02-08","Mining",0,0
"41:3","2021-02-08","Utilities",0,0
"41:4","2021-02-08","Construction",0,0
"41:5","2021-02-08","Manufacturing",7,43
"41:6","2021-02-08","Wholesale Trade",0,0
"41:7","2021-02-08","Retail Trade",0,0
"41:8","2021-02-08","Transportation and Warehousing",0,0
"41:9","2021-02-08","Information",0,0
"41:10","2021-02-08","Finance and Insurance",0,0
"41:11","2021-02-08","Real Estate Rental and Leasing",0,0
"41:12","2021-02-08","Professional, Scientific, and Technical Services",0,0
"41:13","2021-02-08","Management of Companies and Enterprises",0,0
"41:14","2021-02-08","Administrative and Support and Waste
Management and Remediation Services",1,5
"41:15","2021-02-08","Arts, Entertainment, and Recreation",0,0
"41:16","2021-02-08","Accommodation and Food Services",0,0
"41:17","2021-02-08","Public Administration",0,0
"41:18","2021-02-08","Other Services (except Public Administration)",0,0
"41:19","2021-02-08","Total",8,48
"42:1","2021-02-11","Agriculture, Forestry, Fishing and Hunting",0,0
"42:2","2021-02-11","Mining",0,0
"42:3","2021-02-11","Utilities",0,0
"42:4","2021-02-11","Construction",0,0
"42:5","2021-02-11","Manufacturing",6,41
"42:6","2021-02-11","Wholesale Trade",0,0
"42:7","2021-02-11","Retail Trade",0,0
"42:8","2021-02-11","Transportation and Warehousing",0,0
"42:9","2021-02-11","Information",0,0
"42:10","2021-02-11","Finance and Insurance",0,0
"42:11","2021-02-11","Real Estate Rental and Leasing",0,0
"42:12","2021-02-11","Professional, Scientific, and Technical Services",0,0
"42:13","2021-02-11","Management of Companies and Enterprises",0,0
"42:14","2021-02-11","Administrative and Support and Waste
Management and Remediation Services",1,5
"42:15","2021-02-11","Arts, Entertainment, and Recreation",0,0
"42:16","2021-02-11","Accommodation and Food Services",0,0
"42:17","2021-02-11","Public Administration",0,0
"42:18","2021-02-11","Other Services (except Public Administration)",0,0
"42:19","2021-02-11","Total",7,46
"43:1","2021-02-22","Agriculture, Forestry, Fishing and Hunting",0,0
"43:2","2021-02-22","Mining",0,0
"43:3","2021-02-22","Utilities",0,0
"43:4","2021-02-22","Construction",0,0
"43:5","2021-02-22","Manufacturing",1,5
"43:6","2021-02-22","Wholesale Trade",0,0
"43:7","2021-02-22","Retail Trade",0,0
"43:8","2021-02-22","Transportation and Warehousing",0,0
"43:9","2021-02-22","Information",0,0
"43:10","2021-02-22","Finance and Insurance",0,0
"43:11","2021-02-22","Real Estate Rental and Leasing",0,0
"43:12","2021-02-22","Professional, Scientific, and Technical Services",0,0
"43:13","2021-02-22","Management of Companies and Enterprises",0,0
"43:14","2021-02-22","Administrative and Support and Waste
Management and Remediation Services",0,0
"43:15","2021-02-22","Arts, Entertainment, and Recreation",0,0
"43:16","2021-02-22","Accommodation and Food Services",0,0
"43:17","2021-02-22","Public Administration",0,0
"43:18","2021-02-22","Other Services (except Public Administration)",0,0
"43:19","2021-02-22","Total",1,5
